Yiyecek ismi,Kategori,Ortalama Gramaj (g),Kalori (kcal),Protein (g),Yað (g),Karbonhidrat (g)
Domates,Sebze,125,22,1.1,0.2,4.8
Salatalýk,Sebze,280,45,2.0,0.3,10.9
Biber (Yeþil, Orta boy 1 adet),Sebze,75,24,0.9,0.2,5.5
Havuç (Orta boy 1 adet),Sebze,60,25,0.6,0.1,5.8
Brokoli (1 kase çið, doðranmýþ),Sebze,90,31,2.6,0.3,6.0
Ispanak (1 kase çið),Sebze,30,7,0.9,0.1,1.1
Kabak (Orta boy 5 dilim, 1 cm kalýnlýk),Sebze,20,4,0.2,0.0,0.9
Patates (Orta boy 1 adet, kabuklu, haþ.),Sebze,150,130,3.5,0.2,30.0
Soðan (Orta boy 1 adet),Sebze,110,44,1.2,0.1,10.3
Sarýmsak (1 diþ),Sebze,3,4,0.2,0.0,0.9
Brüksel Lahanasý (1/2 kase, haþ.),Sebze,80,28,2.0,0.2,5.5
Mantar (1 kase dilimlenmiþ, beyaz),Sebze,70,15,2.2,0.2,2.3
Karnabahar (1 kase doðranmýþ),Sebze,100,27,2.1,0.3,5.3
Enginar (Orta boy 1 adet, haþlanmýþ),Sebze,120,64,3.5,0.4,13.5
Kýrmýzý Lahana (1 kase, doðranmýþ),Sebze,70,28,1.3,0.1,6.5
Pýrasa (1 kase, doðranmýþ),Sebze,90,54,1.3,0.3,12.6
Kereviz (Orta boy 1 sap),Sebze,40,6,0.3,0.0,1.4
Börülce (Orta boy 1 adet),Sebze,40,4,0.3,0.0,0.9
Taze Fasulye (1 kase, haþlanmýþ),Sebze,125,44,2.4,0.3,9.8
Bamya (1 kase, haþlanmýþ),Sebze,160,50,3.5,0.3,10.0
Kuþkonmaz (5 orta boy sap),Sebze,75,15,1.7,0.1,3.0
Taze Soðan (1 sap),Sebze,15,5,0.3,0.0,1.1
Turp (Küçük boy 5 adet),Sebze,75,12,0.5,0.1,2.5
Kara Lahana (1 kase, çið doðranmýþ),Sebze,70,35,2.5,0.5,5.5
Patlýcan (1 orta boy dilim, 1 cm kalýn.),Sebze,50,12,0.5,0.1,3.0
Kapya Biber (Orta boy 1 adet),Sebze,120,37,1.2,0.4,8.6
Brokoli (1 kase, haþlanmýþ),Sebze,160,10,5.0,0.6,29.0
Þalgam (Orta boy 1 adet),Sebze,155,37,1.2,0.1,8.4
Tere (1 kase, çið),Sebze,50,5,0.7,0.0,0.8
Nohut (1 kase, haþlanmýþ),Sebze,130,269,18.0,4.0,45.0
Kýrmýzý Biber (Acý, küçük boy 1 adet),Sebze,45,18,0.9,0.2,4.3
Kývýrcýk Marul (1 kase, doðranmýþ),Sebze,50,8,0.6,0.1,1.5
Semizotu (1 kase, çið),Sebze,40,4,0.4,0.1,0.7
Taze Bakla (1/2 kase, kabuklu haþ.),Sebze,70,60,4.8,0.3,10.0
Rezene (Orta boy 1/2 yumru),Sebze,45,16,0.7,0.1,3.7
Lahana (Beyaz, 1 kase doðranmýþ),Sebze,70,18,0.9,0.1,4.2
Pazý (1 kase, çið doðranmýþ),Sebze,35,7,0.6,0.1,1.4
Karnabahar (1 kase, çið doðranmýþ),Sebze,100,25,1.9,0.3,5.0
Arpacýk Soðaný (Küçük boy 5 adet),Sebze,40,29,0.8,0.0,6.8
Mürdümük (1/2 kase, haþlanmýþ),Sebze,90,63,4.4,0.3,10.6
Tatlý Mýsýr Koçaný (1 orta boy, haþlanmýþ),Sebze,130,123,4.5,1.9,26.0
Acý Biber (Orta boy 1 adet),Sebze,150,25,1.0,0.2,5.5
Rendelenmiþ Havuç (1/2 kase),Sebze,60,25,0.6,0.1,5.8
Mini Domates (5 adet),Sebze,75,14,0.7,0.1,3.0
Taze Sarýmsak (1 sap),Sebze,10,10,0.5,0.0,2.3
Ispanak (Piþmiþ, 1/2 kase, haþlanmýþ),Sebze,90,21,2.7,0.3,3.6
Yumurta (1 adet, haþlanmýþ),Kahvaltýlýk,50,75,6.5,5.0,0.5
Zeytin (1 adet, siyah),Kahvaltýlýk,4,10,0.04,1.0,0.5
Zeytin (1 adet, yeþil),Kahvaltýlýk,4,6,0.04,0.6,0.4
Simit (1 adet),Kahvaltýlýk,120,320,10.0,10.0,48.0
Beyaz Ekmek (1 dilim),Kahvaltýlýk,25,65,2.0,0.3,13.0
Tam Buðday Ekmeði (1 dilim),Kahvaltýlýk,30,70,3.0,0.5,13.5
Sucuk (1 ince dilim, piþmiþ),Kahvaltýlýk,10,35,2.0,2.7,0.05
Salam (1 ince dilim),Kahvaltýlýk,7.5,22,1.0,2.0,0.25
Domates (1 adet, orta boy),Kahvaltýlýk,125,22,1.1,0.2,4.8
Salatalýk (1 adet, orta boy),Kahvaltýlýk,280,45,2.0,0.3,10.9
Beyaz Peynir (1 dilim, kibrit kutusu),Kahvaltýlýk,30,75,4.5,6.0,0.5
Kaþar Peyniri (1 ince dilim),Kahvaltýlýk,20,70,5.0,5.5,0.2
Haþlanmýþ Yumurta Beyazý (1 adet),Kahvaltýlýk,30,15,3.5,0.0,0.3
Sosis (1 adet, piþmiþ, orta boy),Kahvaltýlýk,40,120,6.0,10.0,1.0
Sigara Böreði (1 adet, kýzarmýþ),Kahvaltýlýk,25,90,3.0,7.0,5.0
Poðaça (1 adet, sade),Kahvaltýlýk,80,250,5.0,15.0,24.0
Peynirli Tost (1/2 adet),Kahvaltýlýk,60,150,7.0,8.0,12.0
Çeri Domates (1 adet),Kahvaltýlýk,15,3,0.1,0.0,0.6
Bal (1 yemek kaþýðý),Kahvaltýlýk,20,65,0.1,0.0,17.5
Reçel (1 yemek kaþýðý),Kahvaltýlýk,20,55,0.0,0.0,14.5
Tereyaðý (1 tatlý kaþýðý),Kahvaltýlýk,10,70,0.1,8.0,0.0
Lor Peyniri (1 yemek kaþýðý),Kahvaltýlýk,20,20,2.2,1.0,0.7
Labne Peyniri (1 yemek kaþýðý),Kahvaltýlýk,15,40,1.0,3.5,0.5
Süt (1 su bardaðý),Kahvaltýlýk,200,100,6.5,3.5,9.5
Zeytinyaðý (1 tatlý kaþýðý),Kahvaltýlýk,5,45,0.0,5.0,0.0
Pekmez (1 yemek kaþýðý),Kahvaltýlýk,20,60,0.1,0.0,15.5
Krem Peynir (1 tatlý kaþýðý),Kahvaltýlýk,10,35,0.7,3.3,0.5
Zahter/Kekikli Yað (1 tatlý kaþýðý),Kahvaltýlýk,5,45,0.5,4.0,1.0
Süzme Peynir (1 yemek kaþýðý),Kahvaltýlýk,25,60,4.0,4.5,0.8
Ceviz (1 tam tane),Kahvaltýlýk,5,33,0.7,3.3,0.7
Ekmek Üstü Avokado Dilimi (1 ince dilim),Kahvaltýlýk,20,32,0.4,3.0,1.7
Pastýrma (1 ince dilim, piþmiþ),Kahvaltýlýk,10,35,3.0,2.5,0.1
Menemen (1 porsiyon/küçük kase),Kahvaltýlýk,100,110,6.0,8.0,3.0
Muz (1 adet, orta boy),Kahvaltýlýk,120,105,1.3,0.4,27.0
Kuru Kayýsý (2 adet),Kahvaltýlýk,15,36,0.5,0.0,9.0
Krem Çikolata (1 tatlý kaþýðý),Kahvaltýlýk,10,54,0.7,3.5,5.0
Dil Peyniri (1 parça/çubuk),Kahvaltýlýk,20,60,5.5,4.0,0.3
Köy Peyniri (1 dilim),Kahvaltýlýk,30,70,6.0,5.0,0.5
Yulaf Ezmesi (1 yemek kaþýðý, kuru),Kahvaltýlýk,10,38,1.3,0.7,6.7
Ayva/Nar Reçeli (1 yemek kaþýðý),Kahvaltýlýk,20,55,0.0,0.0,14.5
Haþlanmýþ Yumurta Sarýsý (1 adet),Kahvaltýlýk,20,55,2.7,4.5,0.1
Hellim Peyniri (1 ince dilim, ýzgara),Kahvaltýlýk,25,85,6.5,6.0,0.5
Kaþýk Helvasý (1 yemek kaþýðý),Kahvaltýlýk,25,120,3.0,7.0,11.0
Tulum Peyniri (1 yemek kaþýðý, ufalanmýþ),Kahvaltýlýk,20,60,5.0,4.5,0.5
Yumurta Kapama (1 adet),Kahvaltýlýk,60,95,7.0,6.5,0.5
Pankek/Krep (1 adet, küçük),Kahvaltýlýk,40,80,2.0,3.0,11.0
Tam Yaðlý Yoðurt (1 kase, 1/2 kase),Kahvaltýlýk,100,60,3.5,3.5,4.5
Fýndýk Ezmesi (1 tatlý kaþýðý),Kahvaltýlýk,10,60,1.5,5.0,2.5
Çilek (1 adet, orta boy),Kahvaltýlýk,12,4,0.1,0.0,0.9
Bal Kabaðý Reçeli (1 yemek kaþýðý),Kahvaltýlýk,20,50,0.0,0.0,13.0
Sucuklu Yumurta (1 porsiyon: 1 yumurta + 2 dilim sucuk),Kahvaltýlýk,90,140,9.0,11.0,1.0
Piþi/Hamur Kýzartmasý (1 adet, orta boy),Kahvaltýlýk,40,130,3.0,8.0,12.0
Ezine Peyniri (1 dilim, orta),Kahvaltýlýk,30,85,6.0,6.5,0.5
Çikolatalý Pankek (1 adet, küçük),Kahvaltýlýk,40,110,2.0,5.0,13.0
Tahýl Gevreði (1 porsiyon/1/2 kase),Kahvaltýlýk,30,115,3.0,1.0,24.0
Susamlý Kraker (2 adet),Kahvaltýlýk,15,70,1.5,4.0,6.5
Zeytin Yaðlý Zahter (1 tatlý kaþýðý),Kahvaltýlýk,5,45,0.5,4.0,1.0
Çökelek Peyniri (1 yemek kaþýðý),Kahvaltýlýk,20,30,4.0,1.0,1.5
Gözleme (1/4 adet, sade),Kahvaltýlýk,60,140,5.0,6.0,17.0
Ananas Reçeli (1 yemek kaþýðý),Kahvaltýlýk,20,50,0.0,0.0,13.0
Simit (1 adet),Hamur Ýþi,120,320,10.0,10.0,48.0
Beyaz Ekmek (1 dilim),Hamur Ýþi,25,65,2.0,0.3,13.0
Tam Buðday Ekmeði (1 dilim),Hamur Ýþi,30,70,3.0,0.5,13.5
Sigara Böreði (1 adet, kýzarmýþ),Hamur Ýþi,25,90,3.0,7.0,5.0
Poðaça (1 adet, sade),Hamur Ýþi,80,250,5.0,15.0,24.0
Peynirli Tost (1/2 adet),Hamur Ýþi,60,150,7.0,8.0,12.0
Pankek/Krep (1 adet, küçük),Hamur Ýþi,40,80,2.0,3.0,11.0
Piþi/Hamur Kýzartmasý (1 adet, orta boy),Hamur Ýþi,40,130,3.0,8.0,12.0
Çikolatalý Pankek (1 adet, küçük),Hamur Ýþi,40,110,2.0,5.0,13.0
Gözleme (1/4 adet, sade),Hamur Ýþi,60,140,5.0,6.0,17.0
Açma (1 adet, sade),Hamur Ýþi,100,320,7.0,19.0,30.0
Su Böreði (1 dilim, fýrýnda),Hamur Ýþi,100,250,12.0,15.0,16.0
Bazlama (1/4 dilim),Hamur Ýþi,50,125,4.0,1.0,24.0
Muffin (1 adet, sade/küçük),Hamur Ýþi,50,180,3.0,9.0,22.0
Waffle (1 adet, sade/küçük),Hamur Ýþi,50,150,4.0,7.0,18.0
Yufka (1/4 adet, çið),Hamur Ýþi,50,75,2.0,0.2,16.0
Mýsýrlý Ekmek (1 dilim),Hamur Ýþi,30,75,2.5,1.0,14.0
Yumurtalý Ekmek (1 dilim, kýzarmýþ),Hamur Ýþi,40,120,5.0,7.0,8.0
Halka Tatlý (1 adet, þerbetli),Hamur Ýþi,60,210,1.5,10.0,28.0
Galeta (2 adet, sade),Hamur Ýþi,15,65,1.5,1.0,12.0
Peynirli Tepsi Böreði (1 dilim),Hamur Ýþi,100,280,11.0,18.0,18.0
Kepekli Ekmek (1 dilim),Hamur Ýþi,30,65,3.0,0.5,13.0
Lavaþ (1/4 adet),Hamur Ýþi,40,110,3.0,1.0,22.0
Milföy Hamuru (1 adet, piþmiþ),Hamur Ýþi,35,130,2.0,9.0,10.0
Katmer (1/4 adet, sade),Hamur Ýþi,50,180,3.0,14.0,12.0
Sade Kurabiye/Kavala (1 adet, küçük),Hamur Ýþi,15,75,1.0,4.5,7.5
Kýzarmýþ Ekmek (1 dilim),Hamur Ýþi,25,80,2.0,1.5,13.0
Ýçli Gözleme (1/4 adet, peynirli),Hamur Ýþi,75,190,8.0,10.0,18.0
Sütlü Ekmek (1 dilim),Hamur Ýþi,30,85,3.0,2.0,14.0
Tuzlu Çubuk Kraker (5 adet),Hamur Ýþi,15,65,1.5,3.0,8.0
Pizza Dilimi (1/8 ince dilim, sade/küçük),Hamur Ýþi,75,180,8.0,8.0,20.0
Açýk Sandviç Ekmekçik (1 adet, küçük),Hamur Ýþi,30,80,3.0,1.5,15.0
Simit Sandviç (1/2 adet, peynirli),Hamur Ýþi,100,300,10.0,15.0,28.0
Yaðlý Ekmek/Yaðlý Piþi (1 adet, küçük),Hamur Ýþi,30,110,2.5,7.0,9.0
Kuru Pasta (1 adet, küçük),Hamur Ýþi,20,85,1.0,5.0,8.5
Peynirli Mini Börek (1 adet, küçük),Hamur Ýþi,30,100,3.5,6.0,8.0
Ekmek Kadayýfý (1 küçük dilim, þerbetli),Hamur Ýþi,50,160,2.0,2.0,33.0
Çavdar Ekmeði (1 dilim),Hamur Ýþi,35,75,3.5,0.8,14.0
Tuzlu Lokma (2 adet),Hamur Ýþi,30,110,2.0,7.0,10.0
Pita Ekmeði (1/2 adet),Hamur Ýþi,35,90,3.0,1.0,18.0
Susamlý Kraker (2 adet),Hamur Ýþi,15,70,1.5,4.0,6.5
Ev Böreði (1 dilim, kýymalý),Hamur Ýþi,120,350,14.0,22.0,25.0
Ekmek Çeþitleri (Glutensiz, 1 dilim),Hamur Ýþi,30,80,2.0,2.0,14.0
Tuzlu Simit (1 adet, küçük),Hamur Ýþi,60,160,5.0,5.0,24.0
Misket Ekmek (1 adet, küçük),Hamur Ýþi,25,60,2.0,0.5,12.0
Tahinli Çörek (1/4 adet),Hamur Ýþi,50,200,4.0,12.0,19.0
Mayalý Ekmek (1 dilim),Hamur Ýþi,40,100,3.0,1.5,18.0
Kol Böreði (1 ince dilim, peynirli),Hamur Ýþi,80,220,8.0,12.0,18.0
Çið Börek (1 adet, kýzarmýþ),Hamur Ýþi,60,200,8.0,12.0,16.0
Sandviç Ekmeði (1/2 adet, küçük),Hamur Ýþi,30,75,2.5,1.0,14.0
Mercimek Çorbasý (Kýrmýzý),Çorba,250,140,8.0,4.0,18.0
Ezogelin Çorbasý,Çorba,250,150,7.0,5.0,20.0
Tavuk Suyu Çorbasý,Çorba,250,90,7.0,5.0,4.0
Domates Çorbasý (Sütlü/Kremalý),Çorba,250,130,5.0,6.0,14.0
Yayla Çorbasý (Nohutlu/Pirinçli),Çorba,250,160,8.0,7.0,16.0
Tarhana Çorbasý,Çorba,250,110,6.0,4.0,14.0
Þehriye Çorbasý,Çorba,250,100,4.0,3.0,15.0
Brokoli Çorbasý (Kremalý),Çorba,250,180,6.0,12.0,10.0
Mantar Çorbasý (Kremalý),Çorba,250,170,5.0,11.0,12.0
Düðün Çorbasý (Terbiyeli),Çorba,250,140,10.0,7.0,8.0
Ýþkembe Çorbasý,Çorba,250,160,15.0,10.0,2.0
Kelle Paça Çorbasý,Çorba,250,220,20.0,15.0,2.0
Kabak Çorbasý (Hafif),Çorba,250,80,3.0,3.0,11.0
Balýk Çorbasý,Çorba,250,120,10.0,5.0,8.0
Sebze Çorbasý (Hafif),Çorba,250,70,3.0,2.0,10.0
Arpacýk Þehriye Çorbasý (Domatesli),Çorba,250,110,4.0,3.0,17.0
Tutmaç Çorbasý (Hamurlu, Yoðurtlu),Çorba,250,180,9.0,8.0,18.0
Eriþte Çorbasý (Salçalý),Çorba,250,150,6.0,5.0,20.0
Pirinç Çorbasý (Sade),Çorba,250,100,3.0,2.0,18.0
Pazý Çorbasý (Yoðurtlu),Çorba,250,130,7.0,6.0,12.0
Sütlü Mýsýr Çorbasý (Kremsiz),Çorba,250,140,6.0,5.0,18.0
Acýlý Ekþili Çorba (Çin Tarzý),Çorba,250,120,7.0,4.0,14.0
Soðuk Domates Çorbasý (Gaspacho),Çorba,250,80,2.0,3.0,12.0
Yeþil Mercimek Çorbasý (Etsiz),Çorba,250,150,10.0,4.0,20.0
Bulgurlu Yoðurt Çorbasý (Ayran Aþý),Çorba,250,160,9.0,7.0,16.0
Sütlaç (1 kase, fýrýnlanmamýþ),Tatlý,180,240,6.0,7.0,38.0
Kazandibi (1 porsiyon/dilim),Tatlý,150,220,5.0,7.0,35.0
Tavuk Göðsü (1 porsiyon/dilim),Tatlý,150,210,5.0,6.0,33.0
Profiterol (1 porsiyon/küçük kase),Tatlý,120,280,5.0,15.0,30.0
Güllaç (1 dilim, cevizli),Tatlý,150,250,5.0,8.0,40.0
Muhallebi (1 kase),Tatlý,150,180,4.0,5.0,30.0
Aþure (1 kase, orta),Tatlý,180,300,8.0,10.0,45.0
Keþkül (1 kase),Tatlý,150,230,6.0,8.0,35.0
Trileçe (1 dilim, orta),Tatlý,120,290,6.0,15.0,32.0
Baklava (1 dilim, orta),Tatlý,40,150,2.0,8.0,18.0
Künefe (1 porsiyon/1/4 adet),Tatlý,100,320,8.0,20.0,28.0
Þekerpare (1 adet, orta),Tatlý,50,130,2.0,5.0,20.0
Revani (1 dilim, orta),Tatlý,80,240,4.0,10.0,34.0
Kemalpaþa Tatlýsý (1 adet),Tatlý,30,70,1.0,0.5,16.0
Cevizli Kadayýf (1 adet/yuvarlak porsiyon),Tatlý,70,280,4.0,15.0,32.0
Tulumba Tatlýsý (1 adet, orta),Tatlý,30,100,1.0,6.0,10.0
Halka Tatlýsý (1 adet, orta),Tatlý,60,200,1.5,10.0,20.0
Ekmek Kadayýfý (1 dilim, kaymaklý),Tatlý,150,380,5.0,15.0,55.0
Kabak Tatlýsý (1 dilim, tahinli-cevizli),Tatlý,150,200,3.0,8.0,30.0
Ýrmik Helvasý (3 yemek kaþýðý/porsiyon),Tatlý,80,180,3.0,9.0,22.0
Fýstýklý Sarma (1 adet/yarým dilim),Tatlý,50,210,3.0,15.0,18.0
Dilber Dudaðý (1 adet, orta),Tatlý,40,140,2.0,8.0,15.0
Soðuk Baklava (1 dilim),Tatlý,70,220,4.0,15.0,18.0
Sütlaç (Fýrýnlanmýþ, 1 kase),Tatlý,180,260,7.0,8.0,39.0
Katmer (1/4 adet, fýstýklý),Tatlý,100,400,6.0,28.0,32.0
Tahin Helvasý (1 kibrit kutusu),Tatlý,40,180,5.0,10.0,18.0
Dondurmalý Ýrmik Helvasý (1 porsiyon),Tatlý,120,280,4.0,14.0,35.0
Cevizli Sucuk (3 dilim),Tatlý,40,140,2.0,5.0,23.0
Saray Sarmasý (1 dilim),Tatlý,80,200,4.0,7.0,30.0
Sufle (1 porsiyon, orta),Tatlý,100,320,6.0,18.0,34.0
Kadayýf Dolmasý (1 adet, kýzarmýþ),Tatlý,60,200,3.0,12.0,20.0
Ýncir Tatlýsý (1 adet, cevizli),Tatlý,80,190,2.0,8.0,28.0
Bülbül Yuvasý (1 adet),Tatlý,40,160,2.0,10.0,16.0
Aðlayan Pasta (1 dilim, orta),Tatlý,100,280,5.0,14.0,30.0
Puding (Çikolatalý, 1 kase),Tatlý,150,190,4.0,5.0,32.0
Mousse (Çikolatalý, 1 kase),Tatlý,100,240,5.0,18.0,18.0
Cezerye (1 dilim, orta),Tatlý,30,120,1.0,5.0,18.0
Lokum (2 adet, sade),Tatlý,20,80,0.1,0.5,19.0
Prenses Tatlýsý (1 dilim),Tatlý,120,260,5.0,10.0,35.0
Peynir Tatlýsý (Höþmerim, 1 porsiyon),Tatlý,100,240,8.0,12.0,22.0
Elmalý Turta/Pay (1 dilim, küçük),Tatlý,100,280,3.0,14.0,35.0
Magnolia (1 kase, küçük),Tatlý,150,320,7.0,15.0,38.0
Fýstýklý Tel Kadayýf (1 adet, yuvarlak),Tatlý,70,250,3.0,14.0,28.0
Meyveli Yoðurt (1 kase, sade),Tatlý,150,120,5.0,3.0,18.0
Dondurma (1 top, sade),Tatlý,50,100,3.0,5.0,12.0
Mozaik Pasta (1 ince dilim),Tatlý,70,250,4.0,18.0,20.0
Damla Sakýzlý Sütlaç (1 kase),Tatlý,180,245,6.0,7.0,38.0
Viþne Tatlýsý (1 porsiyon, komposto),Tatlý,150,140,1.0,0.5,33.0
Waffle (1 adet, sade, toppingsiz),Tatlý,150,350,8.0,15.0,45.0
Kaymaklý Kabak Tatlýsý (1 dilim),Tatlý,150,250,4.0,12.0,30.0
Supangle (1 kase),Tatlý,150,220,6.0,8.0,32.0
Bisküvili Pasta (1 ince dilim),Tatlý,80,240,4.0,12.0,25.0
Trileçe (Karamelli, 1 dilim),Tatlý,120,310,6.0,16.0,34.0
Cheesecake (1/8 dilim, sade),Tatlý,120,350,7.0,25.0,25.0
Þambali (1 dilim, orta),Tatlý,80,220,3.0,8.0,34.0
Susamlý Krokan (1 adet, küçük),Tatlý,20,100,2.0,6.0,10.0
Fýstýk Ezmeli Kurabiye (1 adet, küçük),Tatlý,25,120,4.0,8.0,8.0
Çikolatalý Kek (1 ince dilim),Tatlý,60,200,3.0,10.0,25.0
Sünger Tatlýsý (1 dilim),Tatlý,100,230,4.0,9.0,32.0
Sakýzlý Muhallebi (1 kase),Tatlý,150,185,4.0,5.0,31.0
Sütlaç (Sakýzlý, fýrýnlanmýþ, 1 kase),Tatlý,180,265,7.0,8.0,40.0
Fransýz Tostu (Tatlý, 1 dilim),Tatlý,70,180,5.0,9.0,20.0
Þekerpare (Fýndýklý, 1 adet),Tatlý,50,140,2.0,6.0,20.0
Balkabaðý Cheesecake (1/8 dilim),Tatlý,120,330,6.0,22.0,28.0
Krem Karamel (1 porsiyon/kase),Tatlý,150,200,7.0,8.0,28.0
Panna Cotta (1 kase, meyveli),Tatlý,120,230,5.0,15.0,20.0
Un Helvasý (2 yemek kaþýðý/porsiyon),Tatlý,60,200,4.0,12.0,18.0
Piþmaniye (20g),Tatlý,20,80,1.0,2.0,15.0
Cevizli Bisküvi (1 adet, büyük),Tatlý,30,150,2.0,9.0,15.0
Frambuazlý Cheesecake (1/8 dilim),Tatlý,120,340,7.0,24.0,26.0
Damla Sakýzlý Muhallebi (1 kase),Tatlý,150,190,4.0,5.0,32.0
Cevizli Helva (1 kibrit kutusu),Tatlý,40,190,5.0,12.0,17.0
Ekler Pasta (1 adet, küçük),Tatlý,30,100,2.0,6.0,10.0
Limonlu Kek (1 ince dilim),Tatlý,60,190,3.0,9.0,25.0
Sütlü Nuriye (1 dilim),Tatlý,50,180,3.0,10.0,20.0
Ayva Tatlýsý (1 adet, kaymaklý),Tatlý,150,230,2.0,10.0,35.0
Etimek Tatlýsý (1 dilim),Tatlý,80,190,3.0,7.0,28.0
Muzlu Rulo Pasta (1 ince dilim),Tatlý,70,220,4.0,12.0,25.0
Kedi Dili Tatlýsý (1 dilim),Tatlý,100,210,5.0,7.0,32.0
Sarý Burma (1 adet/yarým dilim),Tatlý,50,200,3.0,13.0,18.0
Patates Cipsi (Küçük paket, 1/4 büyük paket),Atýþtýrmalýk,40,210,3.0,13.0,20.0
Mýsýr Cipsi (Küçük paket, acýlý),Atýþtýrmalýk,50,250,4.0,14.0,28.0
Kraker (Tuzlu, 1 paket, küçük),Atýþtýrmalýk,50,220,5.0,10.0,28.0
Fýstýk (Küçük paket, tuzlu),Atýþtýrmalýk,50,300,12.0,25.0,8.0
Çekirdek (Ay Çekirdeði, 1 avuç),Atýþtýrmalýk,25,140,5.5,12.0,5.0
Sütlü Çikolata (Tekli tablet/küçük paket),Atýþtýrmalýk,40,220,3.0,14.0,22.0
Gofret (Tekli paket, çikolatalý),Atýþtýrmalýk,35,180,2.5,10.0,20.0
Bisküvi (Kremalý, 2 adet),Atýþtýrmalýk,30,150,2.0,7.0,20.0
Þeker (Yumuþak, 5 adet),Atýþtýrmalýk,25,100,0.1,0.5,23.0
Marshmallow (3 adet, büyük),Atýþtýrmalýk,30,100,1.0,0.1,24.0
Enerji Barý (Müsli/Kuruyemiþli, 1 adet),Atýþtýrmalýk,40,180,5.0,9.0,20.0
Jelibon/Jel Þeker (Küçük paket),Atýþtýrmalýk,50,160,3.0,0.1,37.0
Lokum (3 adet, paketli),Atýþtýrmalýk,30,120,0.5,0.5,28.0
Kek (Paketli, sade/meyveli, 1 adet),Atýþtýrmalýk,50,200,3.0,10.0,25.0
Sandviç Bisküvi (Paketli, kremalý, 1 adet),Atýþtýrmalýk,40,190,3.0,9.0,25.0
Bitter Çikolata (Tekli tablet/küçük paket),Atýþtýrmalýk,40,230,4.0,16.0,19.0
Kremalý Bisküvi (Yuvarlak, 3 adet),Atýþtýrmalýk,35,170,2.0,8.0,24.0
Fýndýk Ezmeli Gofret (Tekli paket),Atýþtýrmalýk,45,230,4.0,15.0,22.0
Patlamýþ Mýsýr (Küçük paket, yaðlý),Atýþtýrmalýk,30,150,4.0,8.0,16.0
Pirinç Patlaðý (Çikolatalý, 1 adet),Atýþtýrmalýk,30,130,2.0,5.0,20.0
Sulu Kek (Islak kek, paketli, 1 adet),Atýþtýrmalýk,60,250,3.0,14.0,28.0
Leblebi (Tuzlu, 1 avuç),Atýþtýrmalýk,30,110,6.0,1.0,18.0
Gevrek (Kahvaltýlýk, 1/2 kase, kuru),Atýþtýrmalýk,30,120,3.0,1.5,25.0
Kuruyemiþ Karýþýmý (Küçük paket),Atýþtýrmalýk,40,240,7.0,18.0,12.0
Sakýz (Þekerli, 5 adet),Atýþtýrmalýk,10,35,0.0,0.0,9.0
Meyveli Bar (Paketli, kuru meyveli, 1 adet),Atýþtýrmalýk,35,120,2.0,4.0,20.0
Kroket (Patates/Peynirli, 3 adet, hazýr),Atýþtýrmalýk,50,150,5.0,8.0,15.0
Kurabiye (Paketli, yulaflý, 2 adet),Atýþtýrmalýk,40,190,3.0,10.0,22.0
Çikolatalý Kaplamalý Bisküvi (1 adet),Atýþtýrmalýk,25,130,1.5,7.0,14.0
Sosisli Poðaça (Paketli, küçük),Atýþtýrmalýk,60,230,6.0,15.0,18.0
Pretzel (Büyük, tuzlu, 1 adet),Atýþtýrmalýk,50,170,4.0,3.0,32.0
Ýnce Gofret (Rulo, çikolatalý, 4 adet),Atýþtýrmalýk,30,150,2.0,8.0,18.0
Pirinç Krakeri (Tuzlu/Tatlý, 4 adet),Atýþtýrmalýk,25,110,1.0,4.0,17.0
Draje Çikolata (Renkli, 1 paket, küçük),Atýþtýrmalýk,45,210,3.0,10.0,28.0
Badem Þekeri (5 adet),Atýþtýrmalýk,25,120,2.0,5.0,18.0
Tuzlu Bisküvi (Mini paket, 1/4 büyük paket),Atýþtýrmalýk,30,140,3.0,7.0,16.0
Çikolatalý Krema (Tekli paket, mini),Atýþtýrmalýk,15,75,1.0,5.0,7.0
Meyveli Yoðurt Barý (Paketli, 1 adet),Atýþtýrmalýk,30,120,4.0,5.0,18.0
Galeta Unlu Kraker (2 adet, büyük),Atýþtýrmalýk,20,90,2.0,4.0,12.0
Peynirli Kraker (Paketli, mini),Atýþtýrmalýk,25,120,3.0,7.0,11.0
Ýncir Barý (Paketli, 1 adet),Atýþtýrmalýk,40,130,2.0,3.0,25.0
Çubuk Kraker (Peynirli, 1 paket),Atýþtýrmalýk,40,180,4.0,8.0,22.0
Dondurulmuþ Yoðurt (Tekli kap, küçük),Atýþtýrmalýk,100,150,5.0,4.0,24.0
Fýndýklý Çikolata (Tekli tablet/küçük paket),Atýþtýrmalýk,40,240,4.0,16.0,20.0
Meyveli Sakýz (Kutu, 5 adet),Atýþtýrmalýk,10,40,0.0,0.0,10.0
Susamlý Kraker (1 paket, küçük),Atýþtýrmalýk,30,150,4.0,8.0,17.0
Sütlü Kahve (3'ü 1 arada, tekli paket),Atýþtýrmalýk,20,90,1.0,3.0,15.0
Enerji Ýçeceði (Küçük kutu, 250 ml),Atýþtýrmalýk,250,110,0.0,0.0,27.0
Çikolatalý Dolgulu Kruvasan (Paketli, mini),Atýþtýrmalýk,45,210,3.0,12.0,22.0
Cevizli Kuru Pasta (1 adet, küçük),Atýþtýrmalýk,20,100,1.5,6.0,10.0
Mini Sandviç Kek (Vanilyalý, 1 adet),Atýþtýrmalýk,30,130,2.0,7.0,15.0
Ketçaplý Cips (Küçük paket),Atýþtýrmalýk,40,200,3.0,12.0,21.0
Yoðurt Kaplý Fýndýk (1 avuç),Atýþtýrmalýk,30,170,4.0,11.0,14.0
Çikolatalý Sufle (Hazýr/Paketli, 1 adet),Atýþtýrmalýk,80,280,5.0,15.0,30.0
Pirinç Patlaðý (Sade, 3 adet),Atýþtýrmalýk,20,80,1.5,0.5,17.0
Bitter Kaplamalý Gofret (Tekli paket),Atýþtýrmalýk,35,190,3.0,12.0,20.0
Fýstýk Ezmeli Bisküvi (2 adet),Atýþtýrmalýk,30,160,4.0,9.0,18.0
Kuru Üzüm (Küçük paket, 1 avuç),Atýþtýrmalýk,30,90,1.0,0.1,23.0
Tahýllý Kraker (Tuzlu, 4 adet),Atýþtýrmalýk,30,130,4.0,5.0,18.0
Sýcak Çikolata (Hazýr toz, tekli paket),Atýþtýrmalýk,25,100,2.0,3.0,17.0
Mýsýr Gevreði Barý (Paketli, 1 adet),Atýþtýrmalýk,30,140,2.0,6.0,20.0
Peynir Dolgulu Kraker (Paketli, mini),Atýþtýrmalýk,30,150,5.0,9.0,13.0
Mini Pizza (Hazýr/Paketli, 1 adet),Atýþtýrmalýk,70,200,8.0,10.0,20.0
Kuru Erik (3-4 adet),Atýþtýrmalýk,30,70,1.0,0.1,18.0
Tostlu Sandviç (Paketli, küçük),Atýþtýrmalýk,80,250,10.0,14.0,20.0
Cevizli Bar (Paketli, 1 adet),Atýþtýrmalýk,40,190,4.0,12.0,18.0
Meyveli Soda (Kutu, 250 ml),Atýþtýrmalýk,250,100,0.0,0.0,25.0
Fýstýklý Ezme (Tekli küçük paket),Atýþtýrmalýk,30,180,6.0,15.0,6.0
Kahveli Gofret (Tekli paket),Atýþtýrmalýk,35,170,2.0,9.0,20.0
Çikolatalý Fýndýk (Küçük paket, 1 avuç),Atýþtýrmalýk,30,180,3.0,14.0,12.0
Krem Peynirli Kraker (Paketli, 2 adet),Atýþtýrmalýk,30,140,4.0,9.0,12.0
Mini Çikolatalý Muffin (Paketli, 1 adet),Atýþtýrmalýk,40,180,3.0,9.0,20.0
Tuzlu Fýstýklý Karýþým (Küçük paket),Atýþtýrmalýk,50,290,10.0,24.0,10.0
Jelibon (Ekþi, küçük paket),Atýþtýrmalýk,50,150,2.0,0.1,35.0
Yulaf Ezmeli Kurabiye (Paketli, 1 adet),Atýþtýrmalýk,40,180,4.0,9.0,20.0
Kuru Fasulye (Etli, 1 porsiyon),Yemek,250,300,18.0,10.0,35.0
Ýzmir Köfte (3 adet köfte + sos),Yemek,200,320,25.0,18.0,15.0
Tavuk Sote (1 porsiyon),Yemek,200,280,35.0,12.0,5.0
Dana Kavurma (1 porsiyon, az yaðlý),Yemek,150,350,30.0,25.0,0.0
Hünkar Beðendi (1 porsiyon),Yemek,250,380,25.0,28.0,10.0
Ýskender Kebap (Orta porsiyon),Yemek,300,650,40.0,45.0,25.0
Karnýyarýk (1 adet),Yemek,250,280,15.0,20.0,10.0
Fýrýnda Tavuk But (1 adet but + sebze),Yemek,200,310,38.0,15.0,5.0
Adana Kebap (1 porsiyon, lavaþsýz),Yemek,180,360,35.0,23.0,5.0
Musakka (Kýymalý, 1 porsiyon),Yemek,250,340,20.0,25.0,15.0
Güveç (Kuzu Etli, 1 porsiyon),Yemek,250,400,30.0,28.0,15.0
Etli Yaprak Sarma (8-10 adet, yoðurtlu),Yemek,200,280,15.0,15.0,25.0
Tavuklu Pilav (1 porsiyon),Yemek,200,350,25.0,10.0,40.0
Alinazik (Kýymalý/Etli, 1 porsiyon),Yemek,250,420,28.0,30.0,15.0
Zeytinyaðlý Enginar (1 adet),Yemek,150,120,4.0,7.0,12.0
Taze Fasulye (Zeytinyaðlý, 1 porsiyon),Yemek,200,150,5.0,10.0,10.0
Ispanak Yemeði (Zeytinyaðlý, 1 porsiyon),Yemek,200,180,10.0,12.0,8.0
Zeytinyaðlý Barbunya (1 porsiyon),Yemek,200,210,12.0,6.0,30.0
Börülce Salatasý (Zeytinyaðlý, 1 porsiyon),Yemek,150,100,5.0,5.0,10.0
Zeytinyaðlý Biber Dolmasý (1 adet, orta),Yemek,180,220,5.0,12.0,25.0
Kabak Yemeði (Zeytinyaðlý, 1 porsiyon),Yemek,200,110,4.0,6.0,10.0
Lahmacun (1 adet, orta),Yemek,150,320,15.0,12.0,38.0
Pide (Kýymalý, 1/4 adet),Yemek,100,250,12.0,10.0,28.0
Mantý (Yoðurtlu, 1 porsiyon),Yemek,250,450,20.0,20.0,50.0
Pirinç Pilavý (1 porsiyon/orta kase),Yemek,150,220,4.0,6.0,38.0
Bulgur Pilavý (1 porsiyon/orta kase),Yemek,150,180,6.0,4.0,30.0
Mücver (2 adet, orta),Yemek,100,180,8.0,12.0,10.0
Pide (Kuþbaþýlý, 1/4 adet),Yemek,100,260,15.0,12.0,25.0
Su Böreði (1 dilim, orta),Yemek,100,300,15.0,18.0,20.0
Gözleme (Peynirli, yarým),Yemek,150,350,15.0,20.0,30.0
Mercimek Köftesi (4 adet, orta),Yemek,150,200,10.0,8.0,25.0
Köfte (1 kasap köfte),Yemek,30,87,3.9,3.1,1.5
Ýçli Köfte (Kýzartma, 1 adet),Yemek,100,280,12.0,20.0,12.0
Piliç Izgara (1 porsiyon/180g),Yemek,180,250,45.0,7.0,0.0
Balýk (Levrek/Çupra, Izgara, 1 adet),Yemek,250,320,40.0,18.0,0.0
Patates Oturtma (Kýymalý, 1 porsiyon),Yemek,250,290,15.0,15.0,25.0
Kremalý Makarna (1 porsiyon),Yemek,250,400,15.0,20.0,40.0
Semizotu Yemeði (Yoðurtlu, 1 porsiyon),Yemek,200,140,6.0,8.0,10.0
Kuru Patlýcan Dolmasý (2 adet),Yemek,150,240,8.0,12.0,25.0
Tavuk Döner (Porsiyon, pilavlý),Yemek,250,480,35.0,20.0,40.0
Pizza (Orta boy 1/4 dilim, karýþýk),Yemek,150,380,18.0,20.0,35.0
Fýrýn Sütlaç (Tuzlu/Ana yemek, 1 kase),Yemek,200,280,12.0,10.0,35.0
Kuzu Tandýr (1 porsiyon, kemiksiz),Yemek,180,420,45.0,25.0,0.0
Patates Kýzartmasý (Orta porsiyon),Yemek,150,400,5.0,25.0,40.0
Pýrasa Yemeði (Zeytinyaðlý, 1 porsiyon),Yemek,200,140,4.0,8.0,15.0
Ciðer Þiþ (1 porsiyon, lavaþsýz),Yemek,180,300,38.0,15.0,5.0
Kaþarlý Tost (1 adet, orta),Yemek,120,350,18.0,20.0,25.0
Çið Köfte (5 adet, marul/lavaþsýz),Yemek,150,240,10.0,8.0,35.0
Fellah Köftesi (Yoðurtlu, 1 porsiyon),Yemek,200,320,15.0,12.0,40.0
Makarna Salatasý (1 porsiyon, mayonezli),Yemek,200,350,10.0,25.0,25.0
Börek (Kýymalý/Tepsi, 1 dilim),Yemek,120,380,15.0,25.0,25.0
Enginarlý Pilav (1 porsiyon),Yemek,150,190,5.0,6.0,30.0
Ýmam Bayýldý (1 adet, orta),Yemek,200,210,5.0,15.0,15.0
Fýrýn Makarna (1 porsiyon),Yemek,250,330,18.0,15.0,30.0
Mercimek Yemeði (Etli, 1 porsiyon),Yemek,200,240,15.0,10.0,25.0
Domates Soslu Makarna (1 porsiyon),Yemek,250,320,10.0,8.0,50.0
Sulu Köfte (1 porsiyon),Yemek,250,280,18.0,12.0,25.0
Tavuk Þiþ (1 porsiyon, lavaþsýz),Yemek,180,260,38.0,10.0,5.0
Peynirli Gözleme (Tam, orta),Yemek,250,550,25.0,30.0,45.0
Karnabahar Yemeði (Kýymalý, 1 porsiyon),Yemek,250,260,15.0,15.0,15.0
Izgara Köfte (3 adet, sade),Yemek,150,300,30.0,18.0,5.0
Tavuklu Sezar Salata (Soslu, büyük kase),Yemek,300,380,35.0,20.0,15.0
Fýrýnlanmýþ Sebze (Tavuklu, 1 porsiyon),Yemek,250,290,25.0,15.0,15.0
Beyaz Peynirli Tost (1 adet, orta),Yemek,120,310,15.0,15.0,25.0
Ciðer Tava (1 porsiyon, ekmeksiz),Yemek,150,330,30.0,22.0,5.0
Eriþte (Peynirli/Cevizli, 1 porsiyon),Yemek,200,380,15.0,18.0,40.0
Patatesli Börek (Tepsi, 1 dilim),Yemek,120,350,10.0,20.0,30.0
Yarma Aþý (Buðday çorbasý, ana yemek, 1 kase),Yemek,250,260,15.0,8.0,35.0
Balýk Ekmek (Yarým ekmek, uskumru/palamut),Yemek,250,450,35.0,20.0,30.0
Zeytinyaðlý Kereviz (1 porsiyon),Yemek,200,160,5.0,10.0,15.0
Pastýrmalý Kuru Fasulye (1 porsiyon),Yemek,250,350,20.0,15.0,35.0
Patatesli Pide (1/4 adet),Yemek,100,230,8.0,10.0,30.0
Ekþili Köfte (1 porsiyon),Yemek,250,310,20.0,15.0,25.0
Tavuklu Wrap (Orta boy, soslu),Yemek,200,420,30.0,20.0,30.0
Kabak Dolmasý (2 adet, yoðurtlu),Yemek,200,250,15.0,15.0,15.0
Pirinçsiz Yaprak Sarma (8-10 adet, zeytinyaðlý),Yemek,150,180,5.0,12.0,10.0
Sosisli Sandviç (1 adet, soslu),Yemek,150,400,15.0,25.0,30.0
Kýymalý Makarna (1 porsiyon),Yemek,250,380,25.0,15.0,35.0
Kuzu Þiþ (1 porsiyon, lavaþsýz),Yemek,180,380,40.0,25.0,5.0
Sarma (Lahana, etli, 3 adet),Yemek,200,260,15.0,15.0,20.0
Pýrasalý Börek (Tepsi, 1 dilim),Yemek,120,320,8.0,20.0,25.0
Tavuklu Sandviç (1 adet, büyük, mayonezli),Yemek,200,450,25.0,25.0,35.0
Kýsýr (1 porsiyon, orta kase),Yemek,150,220,6.0,10.0,30.0
Etli Taze Fasulye (1 porsiyon),Yemek,250,280,18.0,15.0,15.0
Fasulye Piyazý (Zeytinyaðlý, 1 porsiyon),Yemek,200,200,10.0,10.0,20.0
Susamlý Simit (1 adet, büyük),Yemek,100,280,8.0,10.0,40.0
Tuzlu Kek/Muffin (Peynirli, 1 adet),Yemek,100,280,12.0,18.0,20.0
Hindi Eti (Izgara, 1 porsiyon),Yemek,180,220,40.0,5.0,0.0
Ýslim Kebabý (Patlýcanlý, 2 adet rulo),Yemek,250,360,25.0,25.0,10.0
Dana Rosto (1 dilim, sebzeli),Yemek,180,310,35.0,15.0,8.0
Tavuklu Mantar Sote (1 porsiyon),Yemek,200,270,30.0,12.0,5.0
Fýrýnda Sebzeli Köfte (3 adet köfte + sebze),Yemek,200,300,28.0,18.0,8.0
Zeytinyaðlý Yaprak Sarma (10 adet, pirinçli),Yemek,180,200,5.0,12.0,25.0
Arnavut Ciðeri (1 porsiyon, kýzartma),150,380,30.0,25.0,5.0
Mantar Sote (Etsiz, 1 porsiyon),200,150,8.0,10.0,8.0
Misket Köfte (Sulu, 1 porsiyon),250,290,20.0,15.0,15.0
Patlýcan Kebabý (2 adet, közlenmiþ patlýcanlý),250,340,30.0,22.0,8.0
Yoðurtlu Semizotu (1 porsiyon),200,130,5.0,8.0,10.0
Mercimek Çorbasý (Ana yemek boy, 1 kase),300,180,10.0,5.0,25.0
Tuzlu Makarna (Sade, 1 porsiyon),200,250,8.0,5.0,45.0
Tavuklu Makarna Salatasý (1 porsiyon),200,320,20.0,15.0,30.0
Çay (Siyah, Þekersiz, 1 bardak),Ýçecek,150,2,0.0,0.0,0.5
Sýcak Çay (2 küp þekerli, 1 bardak),Ýçecek,150,35,0.0,0.0,9.0
Yeþil Çay (Sade, 1 fincan),Ýçecek,200,0,0.0,0.0,0.0
Yeþil Çay (Ballý & Limonlu, 1 fincan),Ýçecek,200,20,0.0,0.0,5.0
Ihlamur (Bal ve limonlu, 1 fincan),Ýçecek,200,50,0.0,0.0,12.0
Bitki Çayý (Kuþburnu/Nane vb., Sade, 1 fincan),Ýçecek,200,0,0.0,0.0,0.0
Ice Tea (Þeftali/Limon, Normal, 1 kutu),Ýçecek,330,80,0.0,0.0,20.0
Ice Tea (Þekersiz/Zero, 1 kutu),Ýçecek,330,5,0.0,0.0,1.0
Sütlü Çay (Az þekerli, 1 fincan),Ýçecek,200,80,3.0,3.0,10.0
Chai Latte (Normal, 1 fincan),Ýçecek,300,240,8.0,10.0,30.0
Türk Kahvesi (Sade, 1 fincan),Ýçecek,60,10,1.0,1.0,1.0
Türk Kahvesi (Orta þekerli, 1 fincan),Ýçecek,60,25,1.0,1.0,3.0
Filtre Kahve (Sade, 1 fincan),Ýçecek,200,5,0.5,0.0,1.0
Americano (Sade, 1 fincan),Ýçecek,200,5,0.5,0.0,1.0
Espresso (Tek Shot),Ýçecek,30,2,0.1,0.0,0.2
Latte (Yaðlý süt ile, 1 fincan),Ýçecek,250,150,8.0,8.0,12.0
Cappuccino (Yaðlý süt ile, 1 fincan),Ýçecek,200,100,6.0,5.0,8.0
Mocha (Kremalý ve Þekerli, 350ml),Ýçecek,350,380,10.0,18.0,45.0
Sütlü Kahve (Þekersiz, 1 fincan),Ýçecek,200,60,3.0,3.0,5.0
Sýcak Çikolata (Sütlü, 1 fincan),Ýçecek,200,200,7.0,10.0,20.0
Soðuk Kahve (Sütlü/Þekerli, 1 bardak),Ýçecek,300,150,5.0,5.0,25.0
Frappuccino (Kremalý, Orta boy),Ýçecek,350,280,5.0,10.0,45.0
Kremalý Kahve (Þekerli, büyük boy),Ýçecek,350,350,10.0,20.0,35.0
Protein Shake (Kahveli, Hazýr þiþe),Ýçecek,330,180,25.0,5.0,10.0
Cold Brew (Sade, 300 ml),Ýçecek,300,5,0.5,0.0,1.0
Kola (Normal, 1 kutu),Ýçecek,330,140,0.0,0.0,35.0
Kola (Þekersiz/Zero, 1 kutu),Ýçecek,330,2,0.0,0.0,0.5
Gazlý Ýçecek (Meyveli, Normal, 1 kutu),Ýçecek,330,150,0.0,0.0,38.0
Meyveli Soda (Normal, 1 þiþe),Ýçecek,200,70,0.0,0.0,18.0
Maden Suyu (Sade, 1 þiþe),Ýçecek,200,0,0.0,0.0,0.0
Enerji Ýçeceði (Normal, 1 kutu),Ýçecek,250,110,0.0,0.0,27.0
Enerji Ýçeceði (Þekersiz, 1 kutu),Ýçecek,250,10,0.0,0.0,2.0
Hazýr Viþne Suyu (Þekerli, 1 kutu),Ýçecek,200,100,0.0,0.0,25.0
Meyve Nektarý (Þeftali/Kayýsý, 1 kutu),Ýçecek,200,120,0.0,0.0,30.0
Ayran (Orta boy/Kutu),Ýçecek,200,60,4.0,3.0,5.0
Kefir (Sade, 1 þiþe),Ýçecek,200,100,6.0,4.0,8.0
Þalgam Suyu (Acýlý/Acýsýz, 1 þiþe),Ýçecek,200,15,1.0,0.0,3.0
Limonata (Hazýr þiþe, þekerli),Ýçecek,250,150,0.5,0.0,38.0
Taze Sýkýlmýþ Portakal Suyu (1 bardak),Ýçecek,200,90,1.0,0.0,21.0
Domates Suyu (Sade, 1 bardak),Ýçecek,200,40,2.0,0.0,8.0
Boza (1 bardak),Ýçecek,200,240,6.0,1.0,50.0
Komposto/Hoþaf (Meyveli, orta tatlý, 1 kase),Ýçecek,200,150,1.0,0.0,38.0
Geleneksel Þerbet (Gül, demirhindi, 1 bardak),Ýçecek,200,160,0.0,0.0,40.0
Þýra (Üzüm, 1 bardak),Ýçecek,200,150,1.0,0.0,37.0
Nar Ekþisi Þerbeti (Seyreltilmiþ, 1 bardak),Ýçecek,200,100,0.0,0.0,25.0
Smoothie (Meyveli/Ortalama, 300ml),Ýçecek,300,220,5.0,3.0,45.0
Salep (Orta þekerli, 1 fincan),Ýçecek,200,180,6.0,8.0,22.0
Süt (Yarým Yaðlý, 1 bardak),Ýçecek,200,90,6.0,3.0,9.0
Sýcak Süt (Ballý, 1 bardak),Ýçecek,200,140,6.0,3.0,22.0
Protein Shake (Toz + Su, Ortalama),Ýçecek,300,150,30.0,2.0,5.0
Taze Sýkýlmýþ Greyfurt Suyu (1 bardak),Ýçecek,200,80,1.0,0.0,19.0
Taze Sýkýlmýþ Yeþil Elma Suyu (1 bardak),Ýçecek,200,100,0.5,0.0,24.0
Badem Sütü (Sade/Þekersiz, 1 bardak),Ýçecek,200,40,1.0,3.0,2.0
Yulaf Sütü (Sade/Barista, 1 bardak),Ýçecek,200,120,4.0,5.0,16.0
Matcha Latte (Sütlü/Þekersiz, 250ml),Ýçecek,250,90,6.0,5.0,6.0
Macchiato (Yaðlý süt ile, 1 fincan),Ýçecek,100,50,3.0,3.0,4.0
Iced Americano (Sade, 300 ml),Ýçecek,300,5,0.5,0.0,1.0
Sýcak Elma Suyu (Tarçýnlý, 1 fincan),Ýçecek,200,110,0.0,0.0,27.0
Muzlu Süt (Hazýr/Paketli, 200ml),Ýçecek,200,180,7.0,5.0,28.0
Kakao (Sütlü, þekersiz, 1 fincan),Ýçecek,200,110,7.0,5.0,10.0
Meyveli Milkshake (Kremasýz, Ortalama),Ýçecek,300,280,10.0,10.0,40.0
Taze Sýkýlmýþ Sebze Suyu (Havuç, Pancar, vb.),Ýçecek,200,70,2.0,0.0,16.0
Ýþkembe Çorbasý (Ýçecek alternatifi, 1 kase),Ýçecek,250,150,15.0,8.0,3.0
Ev Yapýmý Ayran (Tuzlu, 1 bardak),Ýçecek,200,70,5.0,4.0,5.0
Zerdeçal Latte (Sütlü, þekersiz, 250ml),Ýçecek,250,130,7.0,6.0,12.0
Soðuk Algýnlýðý Ýçeceði (Hazýr toz, sýcak su),Ýçecek,200,50,0.0,0.0,12.0
Detoks Suyu (Meyve/sebze dilimli, sade su),Ýçecek,300,5,0.0,0.0,1.0
Filtre Kahve (Sütlü/Þekerli, 200ml),Ýçecek,200,120,6.0,6.0,12.0
Türk Kahvesi (Þekerli, 1 fincan),Ýçecek,60,40,1.0,1.0,7.0
Kremalý Soda (Root Beer/Dr. Pepper vb., 1 kutu),Ýçecek,330,160,0.0,0.0,40.0
Limonlu Soda (Sade, 200 ml),Ýçecek,200,50,0.0,0.0,12.0
Taze Sýkýlmýþ Yeþil Sebze Suyu (Ispanak, Maydanoz, vb.),Ýçecek,200,40,1.5,0.0,9.0
Köpüklü Ayran (Yayýk/Geleneksel, 250 ml),Ýçecek,250,90,6.0,5.0,7.0
Kola Light/Zero (Büyük Boy, 500 ml),Ýçecek,500,5,0.0,0.0,1.0
Sýcak Sütlü Kahve (Tatlandýrýcýlý, 1 fincan),Ýçecek,200,70,4.0,3.0,8.0
Meyve Özlü Ýçecek (Az þekerli, 200 ml),Ýçecek,200,50,0.5,0.0,12.0
Aromalý Maden Suyu (Þekersiz/Doðal aromalý, 200 ml),Ýçecek,200,0,0.0,0.0,0.0
Çay (Siyah, Þekersiz, 1 bardak),Ýçecek,150,2,0.0,0.0,0.5
Su (1 bardak),Ýçecek,200,0,0.0,0.0,0.0
Elma (Orta boy, kabuklu),Meyve,150,80,0.5,0.3,22.0
Muz (Orta boy),Meyve,120,105,1.3,0.3,27.0
Portakal (Orta boy),Meyve,150,70,1.0,0.2,18.0
Mandalina (1 adet, orta),Meyve,70,37,0.5,0.1,9.0
Çilek (1 adet, büyük),Meyve,15,5,0.1,0.0,1.2
Kiraz (1 adet),Meyve,5,3,0.0,0.0,0.7
Üzüm (1 adet, orta),Meyve,3,2,0.0,0.0,0.5
Karpuz (1 büyük dilim),Meyve,300,90,1.8,0.6,23.0
Kavun (1 kalýn dilim),Meyve,200,60,1.0,0.4,15.0
Þeftali (Orta boy),Meyve,150,60,1.5,0.4,15.0
Kayýsý (1 adet, taze),Meyve,30,14,0.4,0.1,3.0
Ýncir (1 adet, taze),Meyve,50,37,0.4,0.1,9.5
Nar (10 adet tane, yaklaþýk 1 porsiyon),Meyve,10,8,0.1,0.0,2.0
Kivi (1 adet, orta boy),Meyve,75,45,0.9,0.4,10.5
Ananas (1 ince dilim),Meyve,100,50,0.5,0.1,13.0
Mango (Yarým adet),Meyve,150,95,1.5,0.6,25.0
Armut (Orta boy),Meyve,150,85,0.8,0.2,22.0
Greyfurt (Yarým adet),Meyve,150,60,1.2,0.2,15.0
Ayva (Yarým adet),Meyve,150,75,0.5,0.1,20.0
Erik (1 adet, can erik),Meyve,10,5,0.1,0.0,1.2
Yeþil Erik (1 adet),Meyve,10,5,0.1,0.0,1.2
Hurma (1 adet, kuru),Meyve,8,23,0.2,0.0,6.0
Avokado (Yarým adet, çekirdeksiz),Meyve,100,160,2.0,14.0,9.0
Ahududu (1 adet),Meyve,2,1,0.0,0.0,0.2
Yaban Mersini (1 adet),Meyve,1,1,0.0,0.0,0.2
Böðürtlen (1 adet),Meyve,2,1,0.0,0.0,0.2
Limon (Yarým adet, sýkýlmýþ),Meyve,50,12,0.2,0.1,4.0
Trabzon Hurmasý (Cennet Meyvesi, 1 adet),Meyve,150,118,0.8,0.4,31.0
Viþne (1 adet),Meyve,5,3,0.0,0.0,0.7
Dut (1 adet),Meyve,3,2,0.0,0.0,0.5
Þeftali (Nektarin, 1 adet),Meyve,150,65,1.5,0.4,16.0
Kýzýlcýk (1 adet, taze),Meyve,3,0.5,0.0,0.0,0.1
Ýncir (Kuru, 1 adet),Meyve,20,50,0.5,0.2,13.0
Kayýsý (Kuru, 1 adet),Meyve,10,22,0.3,0.0,5.5
Papaya (Yarým adet),Meyve,150,60,1.0,0.4,15.0
Misket Limonu (1 adet),Meyve,50,15,0.5,0.1,5.0
Greyfurt (Kan Portakalý, yarým adet),Meyve,150,75,1.5,0.3,18.0
Kumkuat (1 adet),Meyve,10,7,0.1,0.0,1.8
Yýldýz Meyvesi (Karambola, 1 adet),Meyve,100,31,0.5,0.3,7.0
Passion Fruit (Çarkýfelek, 1 adet),Meyve,50,48,1.0,0.4,11.5
Mürdüm Eriði (1 adet, taze),Meyve,20,10,0.2,0.0,2.6
Japon Elmasý (Nashi Armudu, 1 adet),Meyve,150,75,0.8,0.2,20.0
Kaktüs Meyvesi (Frenk Ýnciri, 1 adet),Meyve,100,41,0.7,0.5,9.0
Hindistan Cevizi (Et kýsmý, 50g),Meyve,50,175,1.5,16.5,8.0
Hurma (Taze, 1 adet),Meyve,25,70,0.5,0.1,18.0
Ananas (Kurutulmuþ, 2 dilim),Meyve,30,90,0.5,0.1,23.0
Kýzýlcýk (Kurutulmuþ, 1 yemek kaþýðý),Meyve,10,30,0.0,0.0,8.0
Kumkuat (Kurutulmuþ, 1 adet),Meyve,4,12,0.1,0.0,3.0
Dut (Kuru, 1 yemek kaþýðý),Meyve,15,45,0.5,0.1,11.0
Kuþburnu (1 adet),Meyve,5,4,0.0,0.0,1.0
Goja Berry (Kuru, 1 adet),Meyve,0.5,2,0.0,0.0,0.4
Yenidünya (Malta Eriði, 1 adet),Meyve,35,16,0.1,0.0,4.2
Mürver Meyvesi (1 adet),Meyve,1,1,0.0,0.0,0.2
Pepino (Yarým adet),Meyve,150,45,0.5,0.1,11.0
Longan (1 adet),Meyve,10,6,0.1,0.0,1.6
Rambutan (1 adet),Meyve,10,7,0.1,0.0,1.8
Liçi (1 adet),Meyve,10,6,0.1,0.0,1.6
Karadut (1 adet),Meyve,3,2,0.0,0.0,0.5
Bektaþi Üzümü (1 adet),Meyve,5,2,0.0,0.0,0.5
Salepgiller (Yaban Armudu, 1 adet),Meyve,100,50,0.5,0.1,13.0
Ýðde (1 adet, kuru),Meyve,2,5.5,0.0,0.0,1.3
Hünnap (1 adet, taze),Meyve,15,12,0.1,0.0,3.0
Kamkat (1 adet),Meyve,10,7,0.1,0.0,1.8
Pitaya (Ejder Meyvesi, Yarým adet),Meyve,150,90,2.0,0.5,20.0
Passion Fruit (Mor/Büyük, 1 adet),Meyve,80,70,2.0,0.5,17.0
Guava (1 adet, orta boy),Meyve,100,68,2.5,1.0,14.0
Pomelo (1/4 adet),Meyve,150,60,1.0,0.1,15.0
Muz (Kýrmýzý, 1 adet),Meyve,120,110,1.5,0.4,28.0
Keçiboynuzu (1 adet, kuru),Meyve,10,22,0.4,0.1,5.0
Muþmula (1 adet, taze),Meyve,15,8,0.1,0.0,2.0
Feijoa (Ananas Guavasý, 1 adet),Meyve,80,54,0.6,0.5,13.0
Durian (Yarým kase/Etli kýsým),Meyve,100,147,1.5,5.0,27.0
Rambutan (Konserve, 1 adet),Meyve,10,8,0.1,0.0,2.0
Meyve Salatasý (Karýþýk, 1 kase, ortalama),Meyve,200,120,2.0,0.5,30.0
Salepgiller (Yaban Armudu, Kuru, 2 adet),Meyve,30,80,0.3,0.1,21.0
Sukabaðý (Tatlý Kabak, 100g piþmiþ),Meyve,100,40,1.0,0.1,10.0
Kudret Narý (Yarým adet),Meyve,70,12,1.0,0.1,3.0
Kaju Meyvesi (1 adet),Meyve,80,34,0.5,0.1,9.0
Acý Kavun (Kýrkaðaç, 1 ince dilim),Meyve,100,30,0.8,0.1,7.0
